month_date_yyyymm,postal_code,average_listing_price,Date
202111,94109,2226320.094,2021-11-01
202111,94111,1307999.894,2021-11-01
202111,94102,986115.4713,2021-11-01
202111,94110,1485246.311,2021-11-01
202111,94133,2217766.026,2021-11-01
202111,94127,2157679.167,2021-11-01
202111,94104,1328366.561,2021-11-01
202111,94103,1559497.975,2021-11-01
202111,94114,2402771.196,2021-11-01
202111,94117,2004617.1430000002,2021-11-01
202111,94134,1071923.966,2021-11-01
202111,94112,1297981.865,2021-11-01
202111,94116,1579493.7130000002,2021-11-01
202111,94130,1427000.0,2021-11-01
202111,94131,2010824.426,2021-11-01
202111,94132,1071989.631,2021-11-01
202111,94107,1171315.888,2021-11-01
202111,94122,1897132.751,2021-11-01
202111,94121,2939151.686,2021-11-01
202111,94115,4568335.787,2021-11-01
202111,94105,2549103.7819999997,2021-11-01
202111,94123,5664445.652000001,2021-11-01
202111,94108,3119257.143,2021-11-01
202111,94124,891610.1518,2021-11-01
202111,94118,2463846.606,2021-11-01
202110,94109,2087145.449,2021-10-01
202110,94112,1312334.645,2021-10-01
202110,94131,2033988.8869999999,2021-10-01
202110,94111,1428916.667,2021-10-01
202110,94118,2835761.3819999998,2021-10-01
202110,94105,2260267.1180000002,2021-10-01
202110,94127,2081182.0869999998,2021-10-01
202110,94134,1118811.226,2021-10-01
202110,94116,1635806.757,2021-10-01
202110,94115,3919295.265,2021-10-01
202110,94103,1496537.1409999998,2021-10-01
202110,94110,1579591.879,2021-10-01
202110,94121,3426423.238,2021-10-01
202110,94114,2264262.279,2021-10-01
202110,94123,5339510.204,2021-10-01
202110,94133,2450500.0,2021-10-01
202110,94107,1197957.74,2021-10-01
202110,94122,1761561.514,2021-10-01
202110,94104,1351999.889,2021-10-01
202110,94117,2046410.8480000002,2021-10-01
202110,94102,998374.8831,2021-10-01
202110,94130,1427000.0,2021-10-01
202110,94108,2594806.452,2021-10-01
202110,94124,850895.2241,2021-10-01
202110,94132,1258337.643,2021-10-01
202109,94124,814487.4243,2021-09-01
202109,94102,935172.5329,2021-09-01
202109,94103,1564983.735,2021-09-01
202109,94121,3307929.9110000003,2021-09-01
202109,94115,4309558.904,2021-09-01
202109,94105,2251974.345,2021-09-01
202109,94104,1472638.889,2021-09-01
202109,94114,2234952.317,2021-09-01
202109,94133,2493135.215,2021-09-01
202109,94122,1703430.044,2021-09-01
202109,94111,1450750.0,2021-09-01
202109,94109,2015545.36,2021-09-01
202109,94130,2448000.0,2021-09-01
202109,94131,2037431.621,2021-09-01
202109,94110,1728129.033,2021-09-01
202109,94116,1549599.44,2021-09-01
202109,94127,2122439.273,2021-09-01
202109,94134,1094754.8290000001,2021-09-01
202109,94118,3058460.6319999998,2021-09-01
202109,94108,1975717.0369999998,2021-09-01
202109,94117,1986160.269,2021-09-01
202109,94123,5757780.018999999,2021-09-01
202109,94132,1206703.7040000001,2021-09-01
202109,94112,1174035.231,2021-09-01
202109,94107,1197102.44,2021-09-01
202108,94105,2309621.977,2021-08-01
202108,94122,1698146.991,2021-08-01
202108,94121,2977390.892,2021-08-01
202108,94132,1148436.6670000001,2021-08-01
202108,94111,1432121.429,2021-08-01
202108,94109,2242155.458,2021-08-01
202108,94134,1082667.567,2021-08-01
202108,94133,2253805.556,2021-08-01
202108,94107,1186506.019,2021-08-01
202108,94102,888103.1795,2021-08-01
202108,94108,1724225.6730000002,2021-08-01
202108,94104,1420833.333,2021-08-01
202108,94130,2439900.0,2021-08-01
202108,94115,4022094.91,2021-08-01
202108,94123,6227026.961,2021-08-01
202108,94127,1991089.494,2021-08-01
202108,94103,1476260.0159999998,2021-08-01
202108,94112,1100675.351,2021-08-01
202108,94118,2482823.7709999997,2021-08-01
202108,94131,2404516.9480000003,2021-08-01
202108,94124,844321.2522,2021-08-01
202108,94117,2012031.3059999999,2021-08-01
202108,94114,2151355.036,2021-08-01
202108,94110,1647299.605,2021-08-01
202108,94116,1383242.9630000002,2021-08-01
202107,94118,3236540.369,2021-07-01
202107,94134,1138010.625,2021-07-01
202107,94103,1345272.091,2021-07-01
202107,94102,885663.9961,2021-07-01
202107,94105,2424685.659,2021-07-01
202107,94127,2198637.701,2021-07-01
202107,94121,3090055.5560000003,2021-07-01
202107,94133,2990970.588,2021-07-01
202107,94114,2266220.003,2021-07-01
202107,94117,1694040.044,2021-07-01
202107,94132,1192697.1,2021-07-01
202107,94124,870200.5247,2021-07-01
202107,94130,2643736.364,2021-07-01
202107,94108,2098182.143,2021-07-01
202107,94122,1669379.7980000002,2021-07-01
202107,94131,2111723.247,2021-07-01
202107,94110,1600686.529,2021-07-01
202107,94109,2038186.3530000001,2021-07-01
202107,94107,1223405.1940000001,2021-07-01
202107,94112,1144075.925,2021-07-01
202107,94104,1579644.4440000001,2021-07-01
202107,94116,1415816.793,2021-07-01
202107,94123,6395268.441000001,2021-07-01
202107,94111,1462721.179,2021-07-01
202107,94115,4626706.125,2021-07-01
202106,94103,1406592.624,2021-06-01
202106,94130,2692200.0,2021-06-01
202106,94124,836333.5833,2021-06-01
202106,94102,889733.2516,2021-06-01
202106,94123,5799340.458,2021-06-01
202106,94133,3389708.54,2021-06-01
202106,94131,2249660.551,2021-06-01
202106,94134,1126697.19,2021-06-01
202106,94111,1635505.142,2021-06-01
202106,94109,2099948.45,2021-06-01
202106,94110,1536117.326,2021-06-01
202106,94121,2720784.42,2021-06-01
202106,94112,1198570.471,2021-06-01
202106,94118,3745060.606,2021-06-01
202106,94122,1477395.503,2021-06-01
202106,94116,1568604.313,2021-06-01
202106,94127,2310592.163,2021-06-01
202106,94117,1818548.977,2021-06-01
202106,94108,2112371.648,2021-06-01
202106,94105,2569294.675,2021-06-01
202106,94114,2639292.293,2021-06-01
202106,94115,4642430.801,2021-06-01
202106,94107,1314771.6940000001,2021-06-01
202106,94132,1280098.857,2021-06-01
202106,94104,1431616.071,2021-06-01
202105,94122,1544835.52,2021-05-01
202105,94109,2165062.856,2021-05-01
202105,94111,1461500.0,2021-05-01
202105,94104,1298125.0,2021-05-01
202105,94107,1318628.229,2021-05-01
202105,94127,2090078.947,2021-05-01
202105,94118,4375272.727,2021-05-01
202105,94102,884210.25,2021-05-01
202105,94123,4984640.19,2021-05-01
202105,94121,2820409.091,2021-05-01
202105,94115,4763839.949,2021-05-01
202105,94130,2622125.0,2021-05-01
202105,94124,835113.2432,2021-05-01
202105,94112,1258733.097,2021-05-01
202105,94103,1226138.7179999999,2021-05-01
202105,94116,1538790.824,2021-05-01
202105,94105,2632308.274,2021-05-01
202105,94132,1310947.048,2021-05-01
202105,94131,2328896.356,2021-05-01
202105,94110,1577584.638,2021-05-01
202105,94134,1109972.586,2021-05-01
202105,94114,2707653.041,2021-05-01
202105,94108,2183551.724,2021-05-01
202105,94117,2275424.182,2021-05-01
202105,94133,3089692.2819999997,2021-05-01
202104,94102,853624.9736,2021-04-01
202104,94122,1627980.196,2021-04-01
202104,94131,2380632.793,2021-04-01
202104,94117,2083856.9309999999,2021-04-01
202104,94112,1229852.048,2021-04-01
202104,94121,3303272.2,2021-04-01
202104,94115,3871712.943,2021-04-01
202104,94130,2953133.333,2021-04-01
202104,94127,2260975.0,2021-04-01
202104,94110,1529554.97,2021-04-01
202104,94134,1102559.123,2021-04-01
202104,94118,3880186.012,2021-04-01
202104,94104,1314976.19,2021-04-01
202104,94109,1980617.314,2021-04-01
202104,94105,2184725.4469999997,2021-04-01
202104,94123,4988084.928,2021-04-01
202104,94111,1265763.889,2021-04-01
202104,94107,1298435.435,2021-04-01
202104,94114,2680598.235,2021-04-01
202104,94116,1500953.9819999998,2021-04-01
202104,94108,2214825.739,2021-04-01
202104,94132,1350875.636,2021-04-01
202104,94103,1227230.557,2021-04-01
202104,94124,866518.4338,2021-04-01
202104,94133,3294047.04,2021-04-01
202103,94134,1056119.21,2021-03-01
202103,94115,3717879.994,2021-03-01
202103,94132,1243703.6670000001,2021-03-01
202103,94131,2258903.597,2021-03-01
202103,94127,1994191.176,2021-03-01
202103,94107,1256333.456,2021-03-01
202103,94118,4005965.707,2021-03-01
202103,94108,2419591.304,2021-03-01
202103,94104,1365714.2859999998,2021-03-01
202103,94122,1478738.493,2021-03-01
202103,94105,2063328.9519999998,2021-03-01
202103,94103,1157418.783,2021-03-01
202103,94117,2116707.5930000003,2021-03-01
202103,94130,2868250.0,2021-03-01
202103,94114,2533968.469,2021-03-01
202103,94124,912314.4548,2021-03-01
202103,94123,4489794.321,2021-03-01
202103,94111,1184020.8329999999,2021-03-01
202103,94116,1589730.11,2021-03-01
202103,94109,2160964.6769999997,2021-03-01
202103,94110,1509827.9530000002,2021-03-01
202103,94102,859825.3888,2021-03-01
202103,94112,1236476.2079999999,2021-03-01
202103,94121,2951083.333,2021-03-01
202103,94133,3148054.8230000003,2021-03-01
202102,94116,1430296.689,2021-02-01
202102,94108,2047273.524,2021-02-01
202102,94132,1181782.692,2021-02-01
202102,94112,1246398.866,2021-02-01
202102,94105,2105680.455,2021-02-01
202102,94115,2800600.492,2021-02-01
202102,94133,2818689.492,2021-02-01
202102,94123,4792898.674,2021-02-01
202102,94117,2178502.759,2021-02-01
202102,94109,2091226.507,2021-02-01
202102,94122,1433848.586,2021-02-01
202102,94111,933548.4848,2021-02-01
202102,94102,863759.3891,2021-02-01
202102,94121,3171884.615,2021-02-01
202102,94124,884928.8676,2021-02-01
202102,94104,1176166.6670000001,2021-02-01
202102,94103,1132829.736,2021-02-01
202102,94118,4092591.937,2021-02-01
202102,94127,1634130.9519999998,2021-02-01
202102,94114,2344050.758,2021-02-01
202102,94134,1041952.103,2021-02-01
202102,94107,1211528.937,2021-02-01
202102,94131,2233972.445,2021-02-01
202102,94110,1559341.455,2021-02-01
202101,94117,2050428.571,2021-01-01
202101,94131,2170170.571,2021-01-01
202101,94121,3329882.667,2021-01-01
202101,94127,1699200.0,2021-01-01
202101,94112,1215315.024,2021-01-01
202101,94108,2378805.5,2021-01-01
202101,94116,1519000.0,2021-01-01
202101,94103,1513381.2959999999,2021-01-01
202101,94118,3338083.333,2021-01-01
202101,94114,2437880.435,2021-01-01
202101,94115,3435492.2860000003,2021-01-01
202101,94122,1285714.6670000001,2021-01-01
202101,94104,924200.0,2021-01-01
202101,94109,1936659.581,2021-01-01
202101,94111,1087875.0,2021-01-01
202101,94107,1114617.291,2021-01-01
202101,94105,2145115.208,2021-01-01
202101,94110,1449940.5880000002,2021-01-01
202101,94132,1183055.438,2021-01-01
202101,94134,975852.8824,2021-01-01
202101,94124,893751.3774,2021-01-01
202101,94123,4172752.604,2021-01-01
202101,94133,2673255.913,2021-01-01
202101,94102,856429.7333,2021-01-01
202012,94133,2538249.636,2020-12-01
202012,94109,1829627.4640000002,2020-12-01
202012,94131,1859395.531,2020-12-01
202012,94123,3975825.98,2020-12-01
202012,94116,1409587.582,2020-12-01
202012,94111,1214993.3159999999,2020-12-01
202012,94112,1203665.324,2020-12-01
202012,94107,1167912.174,2020-12-01
202012,94103,1104865.495,2020-12-01
202012,94102,965297.3556,2020-12-01
202012,94132,1319897.105,2020-12-01
202012,94124,869590.6389,2020-12-01
202012,94122,1396011.379,2020-12-01
202012,94134,1025957.079,2020-12-01
202012,94114,2242938.006,2020-12-01
202012,94117,2080349.781,2020-12-01
202012,94108,2110637.76,2020-12-01
202012,94115,2692657.3210000005,2020-12-01
202012,94118,3056860.394,2020-12-01
202012,94121,2783498.8019999997,2020-12-01
202012,94110,1547133.3090000001,2020-12-01
202012,94104,1142750.0,2020-12-01
202012,94105,2066974.0659999999,2020-12-01
202012,94127,1791004.7019999998,2020-12-01
202011,94121,2638441.3419999997,2020-11-01
202011,94114,2158072.549,2020-11-01
202011,94116,1579985.032,2020-11-01
202011,94110,1534532.855,2020-11-01
202011,94105,2050322.7380000001,2020-11-01
202011,94127,1885242.2980000002,2020-11-01
202011,94124,890451.5734,2020-11-01
202011,94123,3651093.356,2020-11-01
202011,94118,3326165.006,2020-11-01
202011,94107,1188991.524,2020-11-01
202011,94115,2531651.551,2020-11-01
202011,94108,2232926.471,2020-11-01
202011,94117,1965262.081,2020-11-01
202011,94104,1350861.0,2020-11-01
202011,94134,978270.6977,2020-11-01
202011,94109,1798575.215,2020-11-01
202011,94122,1456562.9409999999,2020-11-01
202011,94111,1304811.688,2020-11-01
202011,94102,968842.1045,2020-11-01
202011,94133,2310239.629,2020-11-01
202011,94132,1392075.67,2020-11-01
202011,94103,1256702.8190000001,2020-11-01
202011,94131,1789215.358,2020-11-01
202011,94112,1206882.549,2020-11-01
202010,94117,1826194.015,2020-10-01
202010,94123,3923698.98,2020-10-01
202010,94105,2050473.731,2020-10-01
202010,94104,1335148.0,2020-10-01
202010,94127,1997023.7619999999,2020-10-01
202010,94108,2174742.857,2020-10-01
202010,94122,1489886.5259999998,2020-10-01
202010,94133,2226409.329,2020-10-01
202010,94116,1618500.0,2020-10-01
202010,94109,1840481.5690000001,2020-10-01
202010,94115,3100696.545,2020-10-01
202010,94124,881256.6667,2020-10-01
202010,94121,3305510.6380000003,2020-10-01
202010,94114,2268049.706,2020-10-01
202010,94118,2832875.0,2020-10-01
202010,94112,1216276.065,2020-10-01
202010,94111,1487680.0,2020-10-01
202010,94132,1384693.576,2020-10-01
202010,94103,1265977.932,2020-10-01
202010,94107,1238105.148,2020-10-01
202010,94102,1132149.077,2020-10-01
202010,94134,1048547.579,2020-10-01
202010,94110,1513165.476,2020-10-01
202010,94131,1833692.044,2020-10-01
202009,94117,1888253.906,2020-09-01
202009,94110,1543843.404,2020-09-01
202009,94133,2302272.587,2020-09-01
202009,94121,2346957.438,2020-09-01
202009,94104,1719898.0,2020-09-01
202009,94132,1453589.9,2020-09-01
202009,94127,2065837.608,2020-09-01
202009,94105,2191308.446,2020-09-01
202009,94111,1379125.5,2020-09-01
202009,94109,1734721.3830000001,2020-09-01
202009,94134,1062296.6770000001,2020-09-01
202009,94116,1709153.021,2020-09-01
202009,94107,1252662.985,2020-09-01
202009,94102,1135619.158,2020-09-01
202009,94112,1187765.622,2020-09-01
202009,94131,1799291.7769999998,2020-09-01
202009,94103,1302252.656,2020-09-01
202009,94114,2597912.095,2020-09-01
202009,94115,3032823.3039999995,2020-09-01
202009,94118,2810889.462,2020-09-01
202009,94108,2229634.05,2020-09-01
202009,94122,1642199.855,2020-09-01
202009,94124,891935.7621,2020-09-01
202009,94123,3937422.5730000003,2020-09-01
202008,94122,1506996.267,2020-08-01
202008,94107,1294862.269,2020-08-01
202008,94117,2044675.926,2020-08-01
202008,94116,1818156.8180000002,2020-08-01
202008,94123,4301898.422,2020-08-01
202008,94112,1209051.5359999998,2020-08-01
202008,94103,1333626.085,2020-08-01
202008,94134,1050731.769,2020-08-01
202008,94131,1874591.119,2020-08-01
202008,94118,3043710.526,2020-08-01
202008,94110,1548289.053,2020-08-01
202008,94121,2520676.471,2020-08-01
202008,94133,2413247.788,2020-08-01
202008,94104,1906777.6,2020-08-01
202008,94102,1162914.041,2020-08-01
202008,94108,2036416.667,2020-08-01
202008,94114,2582566.253,2020-08-01
202008,94105,2296289.336,2020-08-01
202008,94109,1881546.3380000002,2020-08-01
202008,94111,1422135.0,2020-08-01
202008,94127,2242750.0,2020-08-01
202008,94132,1322918.892,2020-08-01
202008,94115,3769907.028,2020-08-01
202008,94124,912681.8085,2020-08-01
202007,94110,1661411.166,2020-07-01
202007,94108,2066433.333,2020-07-01
202007,94105,2342292.249,2020-07-01
202007,94103,1511760.631,2020-07-01
202007,94117,2208525.897,2020-07-01
202007,94111,1357607.813,2020-07-01
202007,94118,3494397.3210000005,2020-07-01
202007,94124,927598.7129,2020-07-01
202007,94102,982448.1442,2020-07-01
202007,94109,1947887.616,2020-07-01
202007,94131,1980084.955,2020-07-01
202007,94115,4162015.867,2020-07-01
202007,94121,2357612.2290000003,2020-07-01
202007,94127,2191021.739,2020-07-01
202007,94116,1983082.292,2020-07-01
202007,94114,2688268.7430000002,2020-07-01
202007,94104,1906777.6,2020-07-01
202007,94112,1235309.511,2020-07-01
202007,94107,1378247.665,2020-07-01
202007,94133,2647836.848,2020-07-01
202007,94123,3803609.722,2020-07-01
202007,94134,1072745.2920000001,2020-07-01
202007,94122,1522685.3190000001,2020-07-01
202007,94132,1311474.769,2020-07-01
202006,94102,977510.048,2020-06-01
202006,94121,2583840.476,2020-06-01
202006,94123,3524823.5130000003,2020-06-01
202006,94115,5840410.899,2020-06-01
202006,94134,1021500.6059999999,2020-06-01
202006,94127,2198208.333,2020-06-01
202006,94114,2747720.563,2020-06-01
202006,94133,2658179.423,2020-06-01
202006,94103,1586290.552,2020-06-01
202006,94108,1738657.6469999999,2020-06-01
202006,94124,918978.6070000001,2020-06-01
202006,94104,1794898.0,2020-06-01
202006,94131,2228891.268,2020-06-01
202006,94105,2387329.615,2020-06-01
202006,94117,2262749.444,2020-06-01
202006,94112,1313750.524,2020-06-01
202006,94110,1690167.23,2020-06-01
202006,94107,1440960.61,2020-06-01
202006,94118,3024956.1560000004,2020-06-01
202006,94132,1475629.833,2020-06-01
202006,94111,1422441.636,2020-06-01
202006,94109,2106409.176,2020-06-01
202006,94122,1680511.5559999999,2020-06-01
202006,94116,2098756.944,2020-06-01
202005,94103,1692359.487,2020-05-01
202005,94107,1473556.525,2020-05-01
202005,94114,2850238.7660000003,2020-05-01
202005,94104,1566944.0,2020-05-01
202005,94112,1336783.222,2020-05-01
202005,94116,1582533.333,2020-05-01
202005,94118,2726346.1539999996,2020-05-01
202005,94105,2509541.043,2020-05-01
202005,94110,1657913.875,2020-05-01
202005,94134,992805.5,2020-05-01
202005,94108,1283125.0,2020-05-01
202005,94124,896573.1333,2020-05-01
202005,94133,2614285.6569999997,2020-05-01
202005,94111,1540992.8569999998,2020-05-01
202005,94102,1156990.75,2020-05-01
202005,94115,5955386.55,2020-05-01
202005,94123,3558266.667,2020-05-01
202005,94122,1764842.105,2020-05-01
202005,94131,2689962.0689999997,2020-05-01
202005,94117,2274480.0,2020-05-01
202005,94109,2390003.662,2020-05-01
202005,94132,1667444.4440000001,2020-05-01
202005,94121,2036250.0,2020-05-01
202005,94127,2365043.478,2020-05-01
202004,94107,1397707.0119999999,2020-04-01
202004,94134,1061465.606,2020-04-01
202004,94114,2871870.52,2020-04-01
202004,94110,1778111.06,2020-04-01
202004,94116,1509756.25,2020-04-01
202004,94121,1787037.326,2020-04-01
202004,94103,1846380.741,2020-04-01
202004,94105,2846600.0,2020-04-01
202004,94133,2704427.2830000003,2020-04-01
202004,94122,1541485.7140000002,2020-04-01
202004,94118,2618825.0,2020-04-01
202004,94104,2188000.0,2020-04-01
202004,94102,1258305.206,2020-04-01
202004,94132,1740857.1430000002,2020-04-01
202004,94131,2146477.577,2020-04-01
202004,94111,1497890.0,2020-04-01
202004,94115,4895865.385,2020-04-01
202004,94127,2276506.494,2020-04-01
202004,94109,2500632.004,2020-04-01
202004,94112,1305618.615,2020-04-01
202004,94123,2640761.483,2020-04-01
202004,94108,1604638.889,2020-04-01
202004,94117,2317985.965,2020-04-01
202004,94124,953403.0471,2020-04-01
202003,94108,2248806.818,2020-03-01
202003,94122,1385825.0,2020-03-01
202003,94107,1434083.34,2020-03-01
202003,94110,1650977.3830000001,2020-03-01
202003,94118,3371573.738,2020-03-01
202003,94116,1413181.092,2020-03-01
202003,94104,3206699.9,2020-03-01
202003,94105,2655402.5519999997,2020-03-01
202003,94102,1223399.554,2020-03-01
202003,94133,3121977.1139999996,2020-03-01
202003,94131,2262165.752,2020-03-01
202003,94117,2452334.7830000003,2020-03-01
202003,94123,3682345.238,2020-03-01
202003,94134,983426.9385,2020-03-01
202003,94124,931818.6429,2020-03-01
202003,94127,2247755.0609999998,2020-03-01
202003,94103,2075582.0259999998,2020-03-01
202003,94112,1186541.8390000002,2020-03-01
202003,94114,2945713.413,2020-03-01
202003,94111,1601897.111,2020-03-01
202003,94121,2372981.225,2020-03-01
202003,94109,2690648.6760000004,2020-03-01
202003,94132,1591372.2219999998,2020-03-01
202003,94115,7086418.102999999,2020-03-01
202002,94111,1320962.6670000001,2020-02-01
202002,94108,2779750.0,2020-02-01
202002,94131,2323061.885,2020-02-01
202002,94103,2270152.065,2020-02-01
202002,94112,1173999.895,2020-02-01
202002,94122,1295466.6670000001,2020-02-01
202002,94109,2926582.848,2020-02-01
202002,94118,3413000.0,2020-02-01
202002,94116,1293100.0,2020-02-01
202002,94117,1986083.333,2020-02-01
202002,94104,2986833.167,2020-02-01
202002,94105,2798684.932,2020-02-01
202002,94110,1693702.667,2020-02-01
202002,94115,6981686.207,2020-02-01
202002,94124,941213.5417,2020-02-01
202002,94102,1269000.0,2020-02-01
202002,94134,1020190.286,2020-02-01
202002,94114,2907346.1539999996,2020-02-01
202002,94123,5745521.739,2020-02-01
202002,94107,1532934.947,2020-02-01
202002,94127,2166375.0,2020-02-01
202002,94121,2468583.333,2020-02-01
202002,94132,1568329.167,2020-02-01
202002,94133,3571119.92,2020-02-01
202001,94117,1475611.111,2020-01-01
202001,94133,4807011.226,2020-01-01
202001,94110,1742269.1430000002,2020-01-01
202001,94109,3304384.6210000003,2020-01-01
202001,94105,2987142.227,2020-01-01
202001,94111,1072237.5,2020-01-01
202001,94102,966800.0,2020-01-01
202001,94114,2421137.5,2020-01-01
202001,94104,3993166.667,2020-01-01
202001,94116,1208939.548,2020-01-01
202001,94124,842068.1798,2020-01-01
202001,94132,1316404.018,2020-01-01
202001,94107,1446523.773,2020-01-01
202001,94134,998556.9091,2020-01-01
202001,94103,2293386.95,2020-01-01
202001,94131,2183630.179,2020-01-01
202001,94112,1120859.725,2020-01-01
202001,94121,2034624.624,2020-01-01
202001,94118,2081803.571,2020-01-01
202001,94115,7039052.632,2020-01-01
202001,94127,1886444.4440000001,2020-01-01
202001,94123,9419557.143,2020-01-01
202001,94122,1230700.0,2020-01-01
202001,94108,2830771.4289999995,2020-01-01
201912,94103,2725605.4460000005,2019-12-01
201912,94123,6064839.461,2019-12-01
201912,94133,4142156.103,2019-12-01
201912,94132,1195555.769,2019-12-01
201912,94111,1030073.333,2019-12-01
201912,94107,1572580.835,2019-12-01
201912,94124,820469.2111,2019-12-01
201912,94104,3457000.0,2019-12-01
201912,94121,2140233.333,2019-12-01
201912,94127,2091211.111,2019-12-01
201912,94109,3269585.3260000004,2019-12-01
201912,94116,1337816.307,2019-12-01
201912,94114,2565021.667,2019-12-01
201912,94118,3527728.833,2019-12-01
201912,94134,919406.7436,2019-12-01
201912,94102,969612.2995,2019-12-01
201912,94117,2023723.0769999998,2019-12-01
201912,94131,2143205.2819999997,2019-12-01
201912,94105,2800242.542,2019-12-01
201912,94122,1277735.241,2019-12-01
201912,94115,6361592.775,2019-12-01
201912,94112,1090943.071,2019-12-01
201912,94108,3007785.7139999997,2019-12-01
201912,94110,1753439.034,2019-12-01
201911,94105,2453175.294,2019-11-01
201911,94131,1914930.271,2019-11-01
201911,94108,2933250.0,2019-11-01
201911,94112,1215968.229,2019-11-01
201911,94116,1407638.793,2019-11-01
201911,94121,2219561.045,2019-11-01
201911,94127,1977495.333,2019-11-01
201911,94122,1277913.043,2019-11-01
201911,94133,3805906.188,2019-11-01
201911,94115,4039521.7389999996,2019-11-01
201911,94107,1620827.2780000002,2019-11-01
201911,94114,2267518.938,2019-11-01
201911,94102,1176571.429,2019-11-01
201911,94118,3521400.0,2019-11-01
201911,94134,995221.3,2019-11-01
201911,94124,864555.8857,2019-11-01
201911,94110,1559422.6809999999,2019-11-01
201911,94104,3646500.0,2019-11-01
201911,94117,2015631.5790000001,2019-11-01
201911,94111,1167985.7140000002,2019-11-01
201911,94109,2790826.6489999997,2019-11-01
201911,94132,1227915.563,2019-11-01
201911,94103,2461324.739,2019-11-01
201911,94123,5113531.25,2019-11-01
201910,94122,1280473.6840000001,2019-10-01
201910,94115,3151333.796,2019-10-01
201910,94104,3177060.0,2019-10-01
201910,94131,1895261.907,2019-10-01
201910,94108,2336875.0,2019-10-01
201910,94123,4119791.974,2019-10-01
201910,94110,1563004.6030000001,2019-10-01
201910,94105,2501999.1659999997,2019-10-01
201910,94116,1476479.846,2019-10-01
201910,94109,2680672.669,2019-10-01
201910,94102,1095845.631,2019-10-01
201910,94117,1769713.716,2019-10-01
201910,94112,1149338.499,2019-10-01
201910,94103,2294156.213,2019-10-01
201910,94134,979692.4632,2019-10-01
201910,94127,1839383.6369999999,2019-10-01
201910,94107,1498943.426,2019-10-01
201910,94121,2091593.3480000002,2019-10-01
201910,94111,1313543.75,2019-10-01
201910,94132,1145224.164,2019-10-01
201910,94133,3908126.25,2019-10-01
201910,94124,879280.3283,2019-10-01
201910,94118,3309786.466,2019-10-01
201910,94114,2149012.085,2019-10-01
201909,94132,1112562.07,2019-09-01
201909,94124,901818.2957,2019-09-01
201909,94112,1207466.4009999998,2019-09-01
201909,94105,2409633.515,2019-09-01
201909,94116,1404914.997,2019-09-01
201909,94134,1004892.8570000001,2019-09-01
201909,94123,3322072.8989999997,2019-09-01
201909,94102,947007.1692,2019-09-01
201909,94133,3701435.4710000004,2019-09-01
201909,94109,2555389.305,2019-09-01
201909,94121,1738741.25,2019-09-01
201909,94108,1714508.929,2019-09-01
201909,94114,2367228.101,2019-09-01
201909,94103,2022816.375,2019-09-01
201909,94131,1855170.299,2019-09-01
201909,94122,1264663.883,2019-09-01
201909,94118,3615783.8710000003,2019-09-01
201909,94117,1801437.5,2019-09-01
201909,94111,1109121.429,2019-09-01
201909,94115,3550047.1160000004,2019-09-01
201909,94107,1510913.602,2019-09-01
201909,94110,1645940.756,2019-09-01
201909,94104,4123666.667,2019-09-01
201909,94127,1768433.8830000001,2019-09-01
201908,94122,1312437.992,2019-08-01
201908,94133,3901877.123,2019-08-01
201908,94121,1672840.1919999998,2019-08-01
201908,94131,1973493.541,2019-08-01
201908,94127,1886768.8290000001,2019-08-01
201908,94134,1088941.95,2019-08-01
201908,94132,1156368.356,2019-08-01
201908,94105,2418609.3540000003,2019-08-01
201908,94109,2311878.0330000003,2019-08-01
201908,94117,1709125.0,2019-08-01
201908,94102,860409.3605,2019-08-01
201908,94110,1587240.851,2019-08-01
201908,94116,1487658.2419999999,2019-08-01
201908,94103,1737560.4819999998,2019-08-01
201908,94107,1651247.833,2019-08-01
201908,94118,4324042.076,2019-08-01
201908,94114,2335144.841,2019-08-01
201908,94111,1241711.429,2019-08-01
201908,94112,1168798.886,2019-08-01
201908,94124,915139.0844,2019-08-01
201908,94104,4314904.762,2019-08-01
201908,94123,3620834.528,2019-08-01
201908,94108,2099840.659,2019-08-01
201908,94115,3320231.575,2019-08-01
201907,94116,1583678.178,2019-07-01
201907,94133,3740340.957,2019-07-01
201907,94108,2375187.5,2019-07-01
201907,94110,1634328.5119999999,2019-07-01
201907,94103,1944639.2880000002,2019-07-01
201907,94104,4458333.333000001,2019-07-01
201907,94117,1650535.7140000002,2019-07-01
201907,94109,2390730.241,2019-07-01
201907,94115,3118522.115,2019-07-01
201907,94131,2098060.256,2019-07-01
201907,94114,2275247.748,2019-07-01
201907,94107,1778967.7140000002,2019-07-01
201907,94122,1365530.1090000002,2019-07-01
201907,94127,2006255.176,2019-07-01
201907,94123,3947915.325,2019-07-01
201907,94132,1299700.0,2019-07-01
201907,94112,1091887.332,2019-07-01
201907,94121,2052353.495,2019-07-01
201907,94124,912649.2449,2019-07-01
201907,94111,1370080.0,2019-07-01
201907,94134,1022199.022,2019-07-01
201907,94105,2496996.633,2019-07-01
201907,94118,4680634.627,2019-07-01
201907,94102,895912.1,2019-07-01
201906,94108,2332042.105,2019-06-01
201906,94134,922978.5714,2019-06-01
201906,94116,1473000.0,2019-06-01
201906,94107,1685349.88,2019-06-01
201906,94123,4622258.065,2019-06-01
201906,94112,1146733.135,2019-06-01
201906,94121,1920238.095,2019-06-01
201906,94111,1417833.333,2019-06-01
201906,94109,2326579.5,2019-06-01
201906,94110,1851433.7859999998,2019-06-01
201906,94127,2205700.0,2019-06-01
201906,94103,2059796.154,2019-06-01
201906,94133,3767315.579,2019-06-01
201906,94104,3825000.0,2019-06-01
201906,94115,2918636.333,2019-06-01
201906,94117,1871294.118,2019-06-01
201906,94102,1024632.526,2019-06-01
201906,94118,4840866.666999999,2019-06-01
201906,94114,2479416.667,2019-06-01
201906,94132,1350683.6919999998,2019-06-01
201906,94131,2070419.355,2019-06-01
201906,94122,1386464.25,2019-06-01
201906,94124,908138.1111,2019-06-01
201906,94105,2549982.9280000003,2019-06-01
201905,94104,3638750.0,2019-05-01
201905,94110,1816653.755,2019-05-01
201905,94132,1388797.15,2019-05-01
201905,94127,2114635.357,2019-05-01
201905,94105,2635423.051,2019-05-01
201905,94114,2394430.331,2019-05-01
201905,94115,3133419.57,2019-05-01
201905,94109,2275214.577,2019-05-01
201905,94103,1906487.274,2019-05-01
201905,94117,2840978.5710000005,2019-05-01
201905,94116,1645877.7780000002,2019-05-01
201905,94131,1593570.5269999998,2019-05-01
201905,94133,3545299.4039999996,2019-05-01
201905,94112,1166876.017,2019-05-01
201905,94111,2672500.0,2019-05-01
201905,94118,5150907.5,2019-05-01
201905,94108,2525621.711,2019-05-01
201905,94102,1154357.143,2019-05-01
201905,94124,951180.1185,2019-05-01
201905,94122,1253698.415,2019-05-01
201905,94134,970956.1674,2019-05-01
201905,94107,1562042.783,2019-05-01
201905,94121,1975923.81,2019-05-01
201905,94123,5286540.0,2019-05-01
201904,94131,1750891.343,2019-04-01
201904,94124,970138.4457,2019-04-01
201904,94104,1403166.667,2019-04-01
201904,94112,1171542.788,2019-04-01
201904,94117,2076857.895,2019-04-01
201904,94134,951205.5225,2019-04-01
201904,94127,1977000.429,2019-04-01
201904,94121,1990159.955,2019-04-01
201904,94102,1088100.876,2019-04-01
201904,94123,4885473.24,2019-04-01
201904,94118,2803435.635,2019-04-01
201904,94103,1480864.042,2019-04-01
201904,94115,2807454.434,2019-04-01
201904,94114,2644643.8419999997,2019-04-01
201904,94109,2307842.387,2019-04-01
201904,94111,1263660.7140000002,2019-04-01
201904,94107,1449811.4840000002,2019-04-01
201904,94132,1370489.014,2019-04-01
201904,94133,2641397.629,2019-04-01
201904,94108,2464198.901,2019-04-01
201904,94116,1555115.2480000001,2019-04-01
201904,94105,2536752.373,2019-04-01
201904,94122,1582633.885,2019-04-01
201904,94110,2912544.688,2019-04-01
201903,94115,2719565.4689999996,2019-03-01
201903,94105,2574141.836,2019-03-01
201903,94121,1861709.51,2019-03-01
201903,94104,1348171.429,2019-03-01
201903,94107,1432383.9109999998,2019-03-01
201903,94112,1102800.061,2019-03-01
201903,94122,1544767.701,2019-03-01
201903,94110,1980773.335,2019-03-01
201903,94132,1396041.0769999998,2019-03-01
201903,94102,993944.8095,2019-03-01
201903,94131,1700554.85,2019-03-01
201903,94116,1514067.844,2019-03-01
201903,94108,2431991.2090000003,2019-03-01
201903,94111,1249910.7140000002,2019-03-01
201903,94109,2192454.179,2019-03-01
201903,94103,1414336.326,2019-03-01
201903,94117,1844665.951,2019-03-01
201903,94118,2702590.3389999997,2019-03-01
201903,94127,1873679.121,2019-03-01
201903,94124,919086.5966,2019-03-01
201903,94133,2614155.818,2019-03-01
201903,94134,998460.3448,2019-03-01
201903,94123,4716967.742,2019-03-01
201903,94114,2570448.031,2019-03-01
201902,94110,1962867.5590000001,2019-02-01
201902,94127,1869880.6930000002,2019-02-01
201902,94121,1956977.2140000002,2019-02-01
201902,94117,1631861.345,2019-02-01
201902,94122,1493480.27,2019-02-01
201902,94133,2525457.317,2019-02-01
201902,94107,1474943.755,2019-02-01
201902,94116,1456465.167,2019-02-01
201902,94102,960027.7222,2019-02-01
201902,94132,1339738.8,2019-02-01
201902,94109,2097947.667,2019-02-01
201902,94131,1715117.8480000002,2019-02-01
201902,94105,2610329.695,2019-02-01
201902,94118,2662972.309,2019-02-01
201902,94104,1428400.0,2019-02-01
201902,94115,2792022.9510000004,2019-02-01
201902,94134,1020348.439,2019-02-01
201902,94108,2463346.154,2019-02-01
201902,94103,1456673.303,2019-02-01
201902,94124,869687.4618,2019-02-01
201902,94114,2490796.905,2019-02-01
201902,94112,1087090.8059999999,2019-02-01
201902,94123,3686144.0710000005,2019-02-01
201902,94111,1342450.0,2019-02-01
201902,94140,1400000.0,2019-02-01
201901,94131,1638301.553,2019-01-01
201901,94103,1460283.6030000001,2019-01-01
201901,94118,2683934.124,2019-01-01
201901,94134,896536.1504,2019-01-01
201901,94121,2331521.567,2019-01-01
201901,94105,2628313.4480000003,2019-01-01
201901,94140,1400000.0,2019-01-01
201901,94108,2989083.916,2019-01-01
201901,94122,1352730.0,2019-01-01
201901,94112,1097166.537,2019-01-01
201901,94111,1592833.333,2019-01-01
201901,94109,1925441.5790000001,2019-01-01
201901,94110,1805761.804,2019-01-01
201901,94107,1390831.07,2019-01-01
201901,94114,2138464.26,2019-01-01
201901,94124,838405.1127,2019-01-01
201901,94115,2499500.442,2019-01-01
201901,94104,1506000.0,2019-01-01
201901,94102,1101798.375,2019-01-01
201901,94123,2924216.9080000003,2019-01-01
201901,94117,1656613.636,2019-01-01
201901,94133,2747028.409,2019-01-01
201901,94132,1271835.2240000002,2019-01-01
201901,94116,1247687.351,2019-01-01
201901,94127,1899756.369,2019-01-01
201812,94111,1581111.111,2018-12-01
201812,94112,1100913.395,2018-12-01
201812,94124,911189.0333,2018-12-01
201812,94118,2498710.516,2018-12-01
201812,94127,2202144.4,2018-12-01
201812,94121,2207408.08,2018-12-01
201812,94131,1937688.409,2018-12-01
201812,94102,1120452.846,2018-12-01
201812,94122,1205187.5,2018-12-01
201812,94107,1472469.0369999998,2018-12-01
201812,94110,2105431.708,2018-12-01
201812,94117,1454046.875,2018-12-01
201812,94103,1598747.8,2018-12-01
201812,94134,893810.2857,2018-12-01
201812,94109,2139242.942,2018-12-01
201812,94108,2544687.5,2018-12-01
201812,94133,3121000.0,2018-12-01
201812,94132,1270777.7140000002,2018-12-01
201812,94115,2751565.0289999996,2018-12-01
201812,94105,2503869.381,2018-12-01
201812,94140,1400000.0,2018-12-01
201812,94116,1369055.5559999999,2018-12-01
201812,94104,1635500.0,2018-12-01
201812,94114,2272675.529,2018-12-01
201812,94123,3956143.765,2018-12-01
201811,94134,911207.425,2018-11-01
201811,94103,1648298.4819999998,2018-11-01
201811,94131,2165883.433,2018-11-01
201811,94105,2200915.478,2018-11-01
201811,94114,2272193.744,2018-11-01
201811,94111,1422691.667,2018-11-01
201811,94133,3135335.5130000003,2018-11-01
201811,94118,2472719.5930000003,2018-11-01
201811,94121,1991456.263,2018-11-01
201811,94117,1479158.71,2018-11-01
201811,94127,2052526.9009999998,2018-11-01
201811,94108,2106229.167,2018-11-01
201811,94124,899957.3734,2018-11-01
201811,94104,1317187.5,2018-11-01
201811,94110,1867031.119,2018-11-01
201811,94115,2817471.703,2018-11-01
201811,94102,1205734.527,2018-11-01
201811,94116,1460173.198,2018-11-01
201811,94109,2105470.919,2018-11-01
201811,94140,1300000.0,2018-11-01
201811,94107,1446963.824,2018-11-01
201811,94122,1339422.8,2018-11-01
201811,94123,4045150.815,2018-11-01
201811,94132,1227988.095,2018-11-01
201811,94112,1104449.94,2018-11-01
